Workbook
Name OLE_LINK1: 'CODIGOS ACTIVOS'!$A$529

Sheet Compras
A1: PEDIDO AREA DE ING BIOMEDICA ABRIL 2024.xlsx | B1: Columna1 | C1: CODIGO | D1: DESCRIPCION | E1: CANTIDAD | F1: ENTREGADO | G1: FECHA DE ENTREGA | H1: FALTANTE | I1: CENTRO DE COSTOS | J1: ABRI | K1: 2024 | L1: Observaciones de fechas de entrega ( 1pimera fecha y segunda y ETC
A2: 45078 | C2: Q252796 | D2: Sensor De Saturación Drager Adulto Nellcor | E2: 2 | F2: 2 | H2: 0 | I2: (2) Salas de cirugía 4 piso | J2: 6 | K2: 2023
A3: 45078 | C3: A250071 | D3: Cable ECG 5 Derivadas Drager | E3: 1 | F3: 1 | H3: 0 | I3: (1) Salas de cirugía 4 piso | J3: 6 | K3: 2023
A4: 45078 | C4: A250003 | D4: Sensor SPO2 mec 1200 neonatal | E4: 2 | F4: 2 | H4: 0 | I4: (2) Urgencias | J4: 6 | K4: 2023
A5: 45078 | C5: A289799 | D5: Cable De Alimentacion Grado Hospitalario | E5: 3 | F5: 2 | H5: 1 | I5: (1) Urgencias, (2) Salas de cirugía 4 piso | J5: 6 | K5: 2023
A6: 45078 | C6: A171049 | D6: Bombillo Laringoscopío Ref: 6000 | E6: 3 | F6: 3 | H6: 0 | I6: (1) Urgencias, (2) Salas de cirugía 4 piso | J6: 6 | K6: 2023
A7: 45078 | C7: A258988 | D7: Multimed Drager | E7: 1 | F7: 1 | H7: 0 | I7: (1) Salas de cirugía 4 piso | J7: 6 | K7: 2023
A8: 45108 | C8: Q252796 | D8: Sensor De Saturación Drager Adulto Nellcor | E8: 2 | F8: 2 | H8: 0 | I8: (3) Salas de cirugía 4 piso | J8: 7 | K8: 2023
A9: 45108 | C9: Q252746 | D9: Sensor De Saturación Mindray UMEC10 Neonatal Original | E9: 1 | F9: 1 | H9: 0 | I9: (1) Salas de cirugía 4 piso | J9: 7 | K9: 2023
A10: 45108 | C10: A289799 | D10: Cable De Alimentacion Grado Hospitalario | E10: 1 | F10: 1 | H10: 0 | I10: (1) Salas de cirugía 4 piso | J10: 7 | K10: 2023
A11: 45108 | C11: A251139 | D11: Sensor De Saturación Mindray IMEC10 Adultos | E11: 7 | F11: 7 | H11: 0 | I11: (3) Urgencias, (2)Hospitalización, (2) Salas de cirugia 4 piso | J11: 7 | K11: 2023
A12: 45108 | C12: L619246 | D12: Toco de Frecuencias Uterina monitor fetal Corometrics 170 | E12: 1 | H12: 1 | I12: (1) Salas de cirugía 4 piso | J12: 7 | K12: 2023
A13: 45108 | C13: Q252732 | D13: Sensor De Saturación Cardiocap GE Adultos | E13: 2 | F13: 2 | H13: 0 | I13: (2) Salas de cirugía 4 piso | J13: 7 | K13: 2023
A14: 45108 | C14: A250034 | D14: Manguera NIBP para Monitor De Signos Vitales Cardiocap | E14: 2 | F14: 2 | H14: 0 | I14: (2) Salas de cirugía 4 piso | J14: 7 | K14: 2023
A15: 45108 | C15: Q252747 | D15: Brazalete Adulto 1 Vias | E15: 5 | F15: 5 | H15: 0 | I15: (1) Urgencias, (2)Hospitalización, (2) Salas de cirugia 4 piso | J15: 7 | K15: 2023
A16: 45108 | C16: Q252509 | D16: Conector Para Brazalete | E16: 12 | F16: 12 | H16: 0 | I16: (3) Urgencias, (6)Hospitalización, (3) Salas de cirugia 4 piso | J16: 7 | K16: 2023
A17: 45108 | C17: A250075 | D17: Interfaz De Spo2 Drager | E17: 1 | F17: 1 | H17: 0 | I17: (1) Salas de cirugía 4 piso | J17: 7 | K17: 2023
A18: 45108 | C18: Q250011 O Q252863 | D18: Bateria Monitor Signos Vitales Mindray Mec1200 | E18: 2 | F18: 2 | H18: 0 | I18: (2) Urgencias | J18: 7 | K18: 2023
A19: 45139 | C19: Q250003 | D19: Sensor De Saturación Mindray MEC1200 Adulto | E19: 5 | F19: 5 | H19: 0 | I19: 2 (Salas de cx recuperación), 1 (Hospitalización) | J19: 8 | K19: 2023
A20: 45139 | C20: Q252746 | D20: Sensor De Saturación Mindray UMEC10 Neonatal Original | E20: 1 | F20: 1 | H20: 0 | I20: 1 ( Sala de partos) | J20: 8 | K20: 2023
A21: 45139 | C21: A289799 | D21: Cable De Alimentacion Grado Hospitalario | E21: 2 | F21: 2 | H21: 0 | I21: 2 (Urgencias) | J21: 8 | K21: 2023
A22: 45139 | C22: Q250011 O Q252863 | D22: Bateria Monitor Signos Vitales Mindray Mec1200 | E22: 2 | F22: 2 | H22: 0 | I22: 2 (Salas de cx partos) | J22: 8 | K22: 2023
A23: 45139 | C23: Q252804 | D23: Cable ECG 3 Derivadas Mindray Mec1200 | E23: 3 | F23: 3 | H23: 0 | I23: 2 (Salas de cx recuperación), 1 (Hospitalización) | J23: 8 | K23: 2023
A24: 45139 | C24: Q283204 | D24: Cable ECG 3 Derivadas Mindray Umec | E24: 2 | F24: 2 | H24: 0 | I24: 1 (Salas de cx partos), 1 (Salas de cx recuperación) | J24: 8 | K24: 2023
... A40: 45200 | C40: Q252747 | D40: Brazalete Adulto 1 Vias | E40: 10 | F40: 10 | H40: 0 | I40: (1) Rehabilitación, (3) urgencias, (1) hospitalización 2D, (1) hospitalización 5a, (1) recuperación cx, (2) salas 4 piso, (1) salas 2 piso | J40: 10 | K40: 2023
A41: 45200 | C41: Q252748 | D41: Brazalete Adulto 2 Vias | E41: 4 | H41: 4 | I41: 3 Consulta externa (Cons 7, 17, 19), 1 Hospitalización | J41: 10 | K41: 2023
A42: 45200 | C42: A250013 | D42: Sensor De Saturación Mindray IMEC10 Neonatal | E42: 3 | F42: 3 | H42: 0 | I42: 3 Urgencias, | J42: 10 | K42: 2023
A43: 45200 | C43: NUEVO | D43: Sensor De Saturación Drager Adulto Nellcor ORIGINAL | E43: 2 | H43: 2 | J43: 10 | K43: 2023
A44: 45200 | C44: A250075 | D44: Interfaz De Spo2 Drager | E44: 1 | F44: 1 | H44: 0 | I44: Salas de cirugia 4 piso | J44: 10 | K44: 2023
A45: 45200 | C45: Q250011 O Q252863 | D45: Bateria Monitor Signos Vitales Mindray Mec1200 | E45: 5 | F45: 5 | H45: 0 | I45: (5) Urgencias | J45: 10 | K45: 2023
A46: 45231 | C46: Q252747 | D46: Brazalete Adulto 1 Vias | E46: 10 | F46: 10 | G46: 45250 | H46: 0 | I46: (2) urgencias adultos, (1) hospitalización 5a, (1) hospitalización 4 alta dependencia, (3) recuperación salas cx, (1) hospitalización 2d, (1) hospitalización 3b, (1) hospitalización 2a | J46: 11 | K46: 2023
A47: 45231 | C47: Q252748 | D47: Brazalete Adulto 2 Vias | E47: 10 | F47: 10 | H47: 0 | I47: (10)Consulta externa, (1)Hospitalización 2B | J47: 11 | K47: 2023
A48: 45231 | C48: Q252815 | D48: Pera Con Valvula Para Tensiometro | E48: 15 | F48: 15 | G48: 45244 | H48: 0 | I48: (15)Consulta externa | J48: 11 | K48: 2023
A49: 45231 | C49: Q252746 | D49: Sensor De Saturación Mindray UMEC10 Neonatal Original | E49: 1 | F49: 1 | G49: 45250 | H49: 0 | I49: (1) Hospitalización 3b | J49: 11 | K49: 2023
A50: 45231 | C50: Q250011 O Q252863 | D50: Bateria Monitor Signos Vitales Mindray Mec1200 | E50: 2 | F50: 2 | G50: 45250 | H50: 0 | I50: (2) Salas de cx | J50: 11 | K50: 2023
A51: 45231 | C51: A251029 | D51: Brazalete Neonatal De 1 Via reusable manguera Azul- Medida ( 5.8 - 10.8) | E51: 2 | F51: 2 | G51: 45244 | H51: 0 | I51: (2) Hospitalización 2C y 2D | J51: 11 | K51: 2023
A52: 45231 | C52: Q252607 | D52: Brazalete Infante De 1 Via reusable manguera naranja- Medida ( 9-14.8) | E52: 2 | F52: 1 | G52: 45244 | H52: 1 | I52: (2) Hospitalización 2A y 2B | J52: 11 | K52: 2023
A53: 45231 | C53: Q252509 | D53: Conector Para Brazalete | E53: 5 | F53: 5 | G53: 45244 | H53: 0 | I53: (2) Hospitalización (VIP, 2C), (2) Sala cirugia, (1) urgencias | J53: 11 | K53: 2023
A54: 45231 | C54: A171049 | D54: Bombillo Laringoscopío Ref: 6000 | E54: 2 | F54: 2 | G54: 45244 | H54: 0 | I54: (1) urgencias pediatria (1) urgencias adulto | J54: 11 | K54: 2023
A55: 45231 | C55: NUEVO | D55: Manguera para conexión PNI (REF:MP00953) | E55: 2 | F55: 2 | G55: 45250 | H55: 0 | I55: (1) Radiologia-resonancia, (1) Salas cx | J55: 11 | K55: 2023
A56: 45261 | C56: A250071 | D56: Cable ECG 5 Derivadas Drager | E56: 3 | F56: 3 | H56: 0 | I56: (2) Sala de cirugia, (1) Sala de partos | J56: 12 | K56: 2023
A57: 45261 | C57: A251139 | D57: Sensor De Saturación Mindray IMEC10 Adultos | E57: 11 | F57: 11 | H57: 0 | I57: (1) Hospitalización 5a, (2) Urgencias adultos, (1) Hospitalización 2c, (5) Salas CX, (1) Hospitalización 3B, (1) Hospitalización 4 | J57: 12 | K57: 2023
A58: 45261 | C58: Q283256 | D58: Brazalete Niño de 1 Via reusable manguera verde- Medida (13,8 - 21,5) | E58: 4 | F58: 4 | H58: 0 | I58: (2) Hospitalización 3A, 2D, (1) Urgencias pediatria, (1) Hospitalización 3B | J58: 12 | K58: 2023
A59: 45261 | C59: Q250003 | D59: Sensor De Saturación Mindray MEC1200 Adulto | E59: 3 | F59: 3 | H59: 0 | I59: (2) Urgencias adultos, (1) salas de cx | J59: 12 | K59: 2023
A60: 45261 | C60: Q283204 | D60: Cable ECG 3 Derivadas Mindray Umec | E60: 1 | F60: 1 | H60: 0 | I60: (1) Observación adultos | J60: 12 | K60: 2023
A61: 45261 | C61: Q252747 | D61: Brazalete Adulto 1 Vias | E61: 15 | F61: 15 | H61: 0 | I61: (1) Urgencias Triage adultos, (7) Salas cx, (2) Recuperación partos, (3) Hospitalización 5A, 3A, 2VIP, (2) Urgencias trauma | J61: 12 | K61: 2023
A62: 45261 | C62: Q252796 | D62: Sensor De Saturación Drager Adulto | E62: 3 | F62: 3 | H62: 0 | I62: (3) Sala de cirugia | J62: 12 | K62: 2023
A63: 45261 | C63: Q252746 | D63: Sensor De Saturación Mindray UMEC10 Neonatal Original | E63: 1 | H63: 1 | I63: (1) Triage urgencias | J63: 12 | K63: 2023
A64: 45261 | C64: A258988 | D64: Multimed Drager | E64: 1 | F64: 1 | H64: 0 | I64: (1) Sala de cirugia | J64: 12 | K64: 2023
A65: 45261 | C65: Q252607 | D65: Brazalete Infante De 1 Via reusable manguera naranja- Medida ( 9-14.8) | E65: 2 | H65: 2 | I65: (2) Hospitalización 2VIP, 2D | J65: 12 | K65: 2023
A66: 45261 | C66: A289799 | D66: Cable De Alimentacion Grado Hospitalario | E66: 2 | F66: 2 | H66: 0 | I66: (1) Hospitalización 2b, (1) Salas cx | J66: 12 | K66: 2023
A67: 45292 | C67: A251139 | D67: Sensor De Saturación Mindray IMEC10 Adultos | E67: 5 | F67: 5 | G67: 45309 | H67: 0 | I67: (2) Hospitalización 3a, 5b, (2) Salas cx, (1) Urgencias | J67: 1 | K67: 2024
A68: 45292 | C68: Q283204 | D68: Cable ECG 3 Derivadas Mindray Umec | E68: 1 | F68: 1 | G68: 45309 | H68: 0 | I68: (1) Hospitalización 4 piso alta dependencia | J68: 1 | K68: 2024
A69: 45292 | C69: Q252804 | D69: Cable ECG 3 Derivadas Mindray Mec1200 | E69: 2 | F69: 2 | G69: 45309 | H69: 0 | I69: (1) Hospitalización 4 piso alta dependencia, (1) Urgencias adultos | J69: 1 | K69: 2024
A70: 45292 | C70: Q252747 | D70: Brazalete Adulto 1 Vias | E70: 5 | F70: 3 | G70: 45345 | H70: 2 | I70: (2) Urgencias adulto, (1) Hospitalización, (2) Salas cx | J70: 1 | K70: 2024
A71: 45292 | C71: A250134 | D71: Sensor De Saturación Drager Adulto Nellcor (Generico) | E71: 1 | F71: 1 | G71: 45309 | H71: 0 | I71: (1) Salas de CX | J71: 1 | K71: 2024
A72: 45292 | C72: A289799 | D72: Cable De Alimentacion Grado Hospitalario | E72: 2 | F72: 2 | G72: 45309 | H72: 0 | I72: (1) Salas de CX, (1) Hospitalización 5b | J72: 1 | K72: 2024
A73: 45292 | C73: A250003 | D73: Sensor De Saturación Mindray MEC1200 Neonatal | E73: 3 | F73: 3 | G73: 45309 | H73: 0 | I73: (3) Urgencias pediatria | J73: 1 | K73: 2024
A74: 45292 | C74: A252600 | D74: Brazalete Pediatrico De1 Via Medida ( 18 - 26 ) | E74: 3 | F74: 9 | G74: 45309 | H74: -6 | I74: (3) Hospitalización | J74: 1 | K74: 2024
A75: 45292 | C75: NUEVO | D75: TOCO ULTRASONIDO F3 EDAN | E75: 1 | H75: 1 | I75: (1) Hospitalización 4 piso alta dependencia | J75: 1 | K75: 2024
A76: 45292 | C76: Q250003 | D76: Sensor De Saturación Mindray MEC1200 Adulto | E76: 2 | F76: 2 | G76: 45309 | H76: 0 | I76: (2) Hospitalización 4 piso alta dependencia | J76: 1 | K76: 2024
A77: 45323 | C77: Q252746 | D77: Sensor De Saturación Mindray UMEC10 Neonatal | E77: 3 | F77: 3 | G77: 45345 | H77: 0 | I77: (1) URGENCIAS, (2) HOSPITALIZACIÓN | J77: 2 | K77: 2024
A78: 45323 | C78: A250134 | D78: Sensor De Saturación Drager Adulto Nellcor (Generico) | E78: 3 | F78: 3 | G78: 45345 | H78: 0 | I78: (3) SALAS DE CIRUGIA | J78: 2 | K78: 2024
A79: 45323 | C79: A250003 | D79: Sensor De Saturación Mindray MEC1200 Neonatal | E79: 3 | F79: 2 | G79: 45345 | H79: 1 | I79: (2) URGENCIAS TRIAGE PEDIATRIA, (1) Urgencias reanimación pediatria | J79: 2 | K79: 2024
A80: 45323 | C80: A251139 | D80: Sensor De Saturación Mindray IMEC10 Adultos | E80: 3 | F80: 3 | G80: 45345 | H80: 0 | I80: (2) Hospitalización , (1) Salas de cirugia | J80: 2 | K80: 2024
A81: 45323 | C81: Q252747 | D81: Brazalete Adulto 1 Vias | E81: 6 | H81: 6 | I81: (1)Urgencias reanimación adultos, (2) Hospitalización 4 piso, (1) Urgencias adultos trauma, (2) Sala de partos | J81: 2 | K81: 2024
A82: 45323 | C82: A171049 | D82: Bombillo Laringoscopío Ref: 6000 | E82: 3 | H82: 3 | I82: (2) Salas de cirugia, (1) urgencias | J82: 2 | K82: 2024
A83: 45323 | C83: A289799 | D83: Cable De Alimentacion Grado Hospitalario | E83: 2 | F83: 2 | G83: 45345 | H83: 0 | I83: (2) sala de cirugia | J83: 2 | K83: 2024
A84: 45352 | C84: NUEVO | D84: Sensor De Saturación Mindray UMEC10 Neonatal | E84: 2 | H84: 2 | I84: (1) URGENCIAS, (2) HOSPITALIZACIÓN | J84: 3 | K84: 2024
A85: 45352 | C85: A251139 | D85: Sensor De Saturación Mindray IMEC10 Adultos | E85: 5 | H85: 5 | I85: (2) Hospitalización , (1) Salas de cirugia | J85: 3 | K85: 2024
A86: 45352 | C86: Q252747 | D86: Brazalete Adulto 1 Vias | E86: 5 | H86: 5 | I86: (1)Urgencias reanimación adultos, (2) Hospitalización 4 piso, (1) Urgencias adultos trauma, (2) Sala de partos | J86: 3 | K86: 2024
A87: 45352 | C87: A289799 | D87: Cable De Alimentacion Grado Hospitalario | E87: 2 | H87: 2 | I87: (2) sala de cirugia | J87: 3 | K87: 2024
A88: 45352 | C88: NUEVO | D88: Brazalete neonatales Hillroom | E88: 3 | H88: 3 | I88: Adaptación neonatal (wellchallyn) | J88: 3 | K88: 2024
A89: 45352 | C89: Q283256 | D89: Brazalete Niño de 1 Via reusable manguera verde- Medida (13,8 - 21,5) | E89: 2 | H89: 2 | I89: Urgencias pediatria | J89: 3 | K89: 2024
A90: 45352 | C90: Q250003 | D90: Sensor De Saturación Mindray MEC1200 Adulto | E90: 4 | H90: 4 | I90: (2) urgencias adulto, (2) salas de cirugía | J90: 3 | K90: 2024
A91: 45352 | C91: A092046 | D91: Socket Laringoscopio Ref: 60813 | E91: 2 | H91: 2 | I91: (2) salas de cirugía | J91: 3 | K91: 2024
A92: 45352 | C92: L619246 | D92: Toco de Frecuencias Uterina monitor fetal Corometrics 170 | E92: 1 | H92: 1 | I92: Trabajo de partos | J92: 3 | K92: 2024
A93: 45383 | C93: Q252746 | D93: Sensor De Saturación Mindray UMEC10 Neonatal | E93: 3 | F93: 3 | G93: 45418 | H93: 0 | I93: (1) URGENCIAS, (2) HOSPITALIZACIÓN | J93: 4 | K93: 2024
A94: 45383 | C94: A251139 | D94: Sensor De Saturación Mindray IMEC10 Adultos | E94: 5 | F94: 5 | G94: 45418 | H94: 0 | I94: (3) Hospitalización , (2) Salas de cirugia | J94: 4 | K94: 2024
A95: 45383 | C95: Q252747 | D95: Brazalete Adulto 1 Vias | E95: 15 | F95: 15 | G95: 12/04/2024-06/05/2024 | H95: 0 | I95: (6) Sala de partos, (4) Urgencias adulto, (3) hospitalización, (2) salas de cirugía | J95: 4 | K95: 2024
A96: 45383 | C96: A289799 | D96: Cable De Alimentacion Grado Hospitalario | E96: 3 | F96: 3 | G96: 45418 | H96: 0 | I96: (2) sala de cirugia. (1) urgencias | J96: 4 | K96: 2024
A97: 45383 | C97: NUEVO | D97: Brazalete neonatales Hillroom | E97: 2 | H97: 2 | I97: Adaptación neonatal (wellchallyn) | J97: 4 | K97: 2024
A98: 45383 | C98: Q250003 | D98: Sensor De Saturación Mindray MEC1200 Adulto | E98: 4 | H98: 4 | I98: (4) urgencias | J98: 4 | K98: 2024
A99: 45383 | C99: A252600 | D99: Brazalete Pediatrico De1 Via Medida ( 18 - 26 ) | E99: 3 | F99: 3 | G99: 45418 | H99: 0 | I99: (2) urgencias adulto, (1) salas de cirugía | J99: 4 | K99: 2024
A100: 45383 | C100: Q252732 | D100: Bateria Monitor Signos Vitales CardioCap | E100: 5 | H100: 5 | I100: (5) salas de cirugia | J100: 4 | K100: 2024
A101: 45383 | C101: Q250014 | D101: Bateria Monitor Signos Vitales Mindray IMEC10 | E101: 1 | H101: 1 | I101: (1) URGENCIAS | J101: 4 | K101: 2024
A102: 45383 | C102: L619246 | D102: Toco de Frecuencias Uterina monitor fetal Corometrics 170 | E102: 1 | H102: 1 | I102: (1) Hospitalización | J102: 4 | K102: 2024
A103: 45383 | C103: Q283256 | D103: Brazalete Niño de 1 Via reusable manguera verde- Medida (13,8 - 21,5) | E103: 2 | H103: 2 | I103: (2) salas de cirugía | J103: 4 | K103: 2024
A104: 45413 | C104: Q252746 | D104: Sensor De Saturación Mindray UMEC10 Neonatal | E104: 4 | F104: 4 | G104: 45436 | H104: 0 | I104: (2) URGENCIAS, (2) HOSPITALIZACIÓN | J104: 5 | K104: 2024
A105: 45413 | C105: A251139 | D105: Sensor De Saturación Mindray IMEC10 Adultos | E105: 3 | H105: 3 | I105: (3) Hospitalización , (2) Salas de cirugia | J105: 5 | K105: 2024
A106: 45413 | C106: Q252747 | D106: Brazalete Adulto 1 Vias | E106: 10 | F106: 10 | G106: 45456 | H106: 0 | I106: (6) Sala de partos, (4) Urgencias adulto, (3) hospitalización, (2) salas de cirugía | J106: 5 | K106: 2024
A107: 45413 | C107: NUEVO | D107: Brazalete neonatales Hillroom | E107: 2 | F107: 2 | G107: 45456 | H107: 0 | I107: Adaptación neonatal (wellchallyn) | J107: 5 | K107: 2024
A108: 45413 | C108: Q250003 | D108: Sensor De Saturación Mindray MEC1200 Adulto | E108: 3 | F108: 3 | G108: 45436 | H108: 0 | I108: (4) urgencias | J108: 5 | K108: 2024
A109: 45413 | C109: A171049 | D109: Bombillo Laringoscopío Ref: 6000 | E109: 2 | H109: 2 | I109: (2) salas de cirugía | J109: 5 | K109: 2024
A110: 45413 | C110: A204002 | D110: Bombillo Lampara Cielitica | E110: 3 | H110: 3 | I110: (2) salas de cirugía | J110: 5 | K110: 2024
A111: 45413 | C111: Q252748 | D111: Brazalete Adulto 2 Vias | E111: 5 | F111: 5 | G111: 45456 | H111: 0 | I111: (3)Hospitalizacion 2A (2) Hospitalizacion 5A | J111: 5 | K111: 2024
A112: 45413 | C112: Q252804 | D112: Cable ECG 3 Derivadas Mindray Mec1200 | E112: 7 | F112: 7 | G112: 45436 | H112: 0 | I112: (3) salas de cirugía, (2) Urgencias adulto, (2) Hospitalización 3 | J112: 5 | K112: 2024
A113: 45413 | C113: Q250011 O Q252863 | D113: Bateria Monitor Signos Vitales Mindray Mec1200 | E113: 4 | H113: 4 | I113: (2) urgencias adulto (2) Hospitalizacion 4 | J113: 5 | K113: 2024
A114: 45413 | C114: A171023 | D114: Bombillo Equipo de organos nuevo Ref: 3100u | E114: 2 | F114: 1 | G114: 45436 | H114: 1 | I114: (2) consulta externa | J114: 5 | K114: 2024
A115: 45444 | C115: Q252746 | D115: Sensor De Saturación Mindray UMEC10 Neonatal | E115: 4 | F115: 4 | G115: 45471 | H115: 0 | I115: (2) URGENCIAS, (2) HOSPITALIZACIÓN | J115: 6 | K115: 2024
...

Sheet CODIGOS ACTIVOS
A1: DESCRIPCION | B1: CODIGO | C1: EXISTENCIAS | D1: SERVICIO
A2: ABINTRA SOBRE * 27GR | B2: M192241
A3: AGENDA ARGOLLADA | B3: A030062
A4: AGUA FRASCO * 300ML | B4: A020034
A5: AGUA OXIGENADA | B5: L012013
A6: AGUJA MULTIPLE VACUTAINER 21*1/2 CAJA*100 | B6: A191016
A7: AGUJA SEMIRRIGIDA BISC 3.6 FR | B7: L511066
A8: AGUJAS VIUDAS | B8: L511056
A9: ALAMBRE CERCLAJE 1.25MM C0125 | B9: A312891
A10: ALCOHOL ANTISEPTICO 70% X 700ML | B10: L012015
A11: ALCOHOL GLICERINADO * LITRO | B11: L012017
A12: ALGODON ROLLO X 454 GR | B12: L012020
A13: ALTHERA * 450 GR | B13: M192207
... A52: Bateria Monitor Signos Vitales Mindray Mec1200 | B52: Q250011 O Q252863
A53: Bateria Monitor Signos Vitales Procare 300
A54: Bateria Monitor Umec 10 | B54: NUEVO
A55: BISTURI 18MM BAUKER | B55: A031049
A56: BISTURI PLASTICO ENCAUCHETADO | B56: A031101
A57: BNS PROTEINA WHEY AISLADA*36gr | B57: M192222
A58: BOLSA AUTOSELLABLE 135*280mm*200 | B58: A271015
A59: BOLSA AUTOSELLABLE 190*330mm X 200UN | B59: A271008
A60: BOLSA AUTOSELLABLE 250*370mm X 200UN | B60: A271007
A61: BOLSA AUTOSELLABLE 70*230 X 200 | B61: A271014
A62: BOLSA AUTOSELLABLE 90*260mm X 200UN | B62: A271009
A63: BOLSA BASURA NEGRA 100X80 | B63: A023018
A64: BOLSA BASURA NEGRA PARA COMPACTADORA | B64: A023020
A65: BOLSA BASURA ROJA C2 100*80 | B65: A023021
... A86: Bombillo Lampara Cielitica | B86: A204002
A87: Bombillo Laringoscopío Ref: 2800
A88: Bombillo Laringoscopío Ref: 3400u | B88: A171078
A89: Bombillo Laringoscopío Ref: 3900 | B89: A171028
A90: Bombillo Laringoscopío Ref: 4700 | B90: A171027
A91: Bombillo Laringoscopío Ref: 4800 | B91: A171026
A92: Bombillo Laringoscopío Ref: 6000 | B92: A171049
A93: Bombillo Xenon 300W Olympus | B93: A171087
A94: BORRADOR DE NATA | B94: A031018
A95: BRAZALETE 2 VIAS INFANTIL DE 9 A 14.8 CM | B95: Q283246
A96: BRAZALETE ADULTO 1 VIA | B96: Q252747
A97: Brazalete Adulto 2 Vias | B97: Q252748
A98: Brazalete Adulto De 2 Vias Bariatrica Medida ( 33 - 47 ) | B98: Q250040
A99: BRAZALETE DRAEGER S 17-25/29 | B99: Q250021
... A113: CABLE COMUNI TARJETA MONITOR BOART | B113: A250164
A114: Cable De Alimentacion Grado Hospitalario | B114: A289799 | C114: 3
A115: CABLE DE CONEXION CON TERMINAL MONOPOLAR DE 4MM | B115: Q283307
A116: CABLE DE FIBRA OPTICA 5MM X 10 REF 02330502065 | B116: A061223
A117: Cable de Temperatura de Tromboelastografo | B117: A2500110
A118: Cable ECG 3 derivadas GENERAL ELECTRIC (desfibrilador responder 2000) | B118: Q250041
A119: CABLE ECG 3 DERIVADAS MINDRAY PM8000 y Mec1200 | B119: Q252804
A120: Cable ECG 3 Derivadas Mindray Umec | B120: Q283204 | C120: 7
A121: CABLE ECG 5 DER 1PIN MP03404 | B121: A250071
A122: Cable ECG 5 Derivadas Drager INFINTY | B122: A250071 | C122: 4
A123: Cable ECG 5 Derivadas G.E. B650 | B123: A250030
A124: Cable ECG 3 Derivadas G.E. B650 | B124: 0 | C124: 1
A125: Cable ECG 5 Derivadas G.E. Cardiocap | B125: A251002 | C125: 4
A126: CABLE ENCAUCHETADO DE 4X12 | B126: A211216
A127: Cable Extensor De Oximetro MSV Veris | B127: A251156
A128: Cable HDMI 9 Metros | B128: A209997
A129: Cable interfaz Entropia Para Msv DATEX- OHMEDA GE | B129: Q252888
A130: CABLE MULTIPARAMETRO MS20094 SPO2 | B130: A258988
A131: CABLE PLACA ELECTRO | B131: Q283208
A132: CABLE SpO2 INTERMEDIO MS18683 | B132: A250075
A133: CAJA C/DIVIONES 38 | B133: A020101
A134: CAJA C/DIVISIONES 29 | B134: A020100
A135: CAJA COPAS TRASPARENTES REF 6211 | B135: A190007
A136: CAJA MONSER 1 MEDIA 11 LT | B136: A023307
A137: CAJA PLASTICA 0.6 LT | B137: A021029
... A494: PEGASTIC 20 GRS | B494: A031048
A495: Pera Con Valvula Para Infusor
A496: PERA CON VALVULA PARA TENSIOMETRO | B496: Q252815
A497: PERFORADORA | B497: A031030
A498: PEROXIDO DE HIDROGENO AL 59% CARTUCHO * 15 CICLOS | B498: Q272889
A499: PIEZA DE MANO BLUE | B499: A061075
A500: PIEZA DE MANO HP054 GRIS | B500: A062100
A501: PILAS 9V | B501: A029694
A502: PILAS AA | B502: A029692
A503: PILAS AAA | B503: A029693
A504: PILAS C | B504: A029695
A505: PIN KIRSCHNER 0.8MMX200MM REF K0820 | B505: A315704
A506: PIN KIRSCHNER 1.0MM*230MM K1023 | B506: A313736
A507: PIN KIRSCHNER 1.5MM*230MM K1523 | B507: A313708
... A551: SACAGANCHOS | B551: A031025
A552: Sensor De Flujo G.E. Aestiva/5
A553: SENSOR DE FLUJO SPIROLOC De Flujo Drager | B553: Q252772
A554: Sensor De Saturación Cardiocap GE Adultos | B554: Q252732 | C554: 3
A555: Sensor De Saturación Drager Adulto Nellcor | B555: Q252796
A556: Sensor De Saturación Drager Adulto Nellcor (Generico) | B556: A250134
A557: Sensor De Saturación GE Adultos Datex Ohmeda B650 | B557: Q252835
A558: Sensor De Saturación General Electric Procare 300 Adulto | B558: Q252822
A559: Sensor De Saturación Mindray IMEC10 Adultos | B559: A251139 | C559: 5
A560: Sensor De Saturación Mindray IMEC10 Neonatal | B560: A250013
A561: Sensor De Saturación Mindray MEC1200 Adulto | B561: Q250003
A562: Sensor De Saturación Mindray MEC1200 Neonatal | B562: A250003 | C562: 8
A563: Sensor De Saturación Mindray UMEC10 Neonatal Original | B563: Q252746 | C563: 5
A564: Sensor De Temperatura Transesofágico Monitor De Signos G.E | B564: Q252758 | C564: 1
A565: SENSOR SpO2 ADULTO MS13235 | B565: A250070
A566: SENSOR SPO2 IMEC 10 ADULTO | B566: A251139
A567: SENSOR SPO2 PINZA ADULTO COMPATIBLE CON DRAGER VISTA 120 | B567: A250134 | C567: 3
A568: SEPARADOR PARA FOLDER 105 | B568: A031089
A569: SERACLONE ANTI A1 LECTIN | B569: A131127
A570: SET 3 TIJERAS ACERO | B570: A211108
...

Sheet Hoja1
C2: DESCRIPCION | D2: CODIGO COMPRAS
C3: N/A | D3: N/A
C4: Aros De Bloqueo Cabezal De Equipo De Organos | D4: A250074
C5: Bateria Monitor Signos Vitales Mindray Mec1200 | D5: Q250011 O Q252863
C6: Bateria Monitor Signos Vitales Mindray IMEC10 | D6: Q250014
C7: Bateria Monitor Signos Vitales CardioCap | D7: Q252732
C8: Bateria Monitor Signos Vitales Procare 300
C9: Bombillo Laringoscopío Ref: 2800
C10: Bombillo Equipo de organos nuevo Ref: 3100u | D10: A171023
C11: Bombillo Laringoscopío Ref: 3400u | D11: A171078
C12: Bombillo Laringoscopío Ref: 3900 | D12: A171028
C13: Bombillo Laringoscopío Ref: 4700 | D13: A171027
C14: Bombillo Laringoscopío Ref: 4800 | D14: A171026
C15: Bombillo Laringoscopío Ref: 6000 | D15: A171049
C16: Bombillo Xenon 300W Olympus | D16: A171087
C17: Bombillo Lampara Cielitica | D17: A204002
C18: Brazalete Adulto 1 Vias | D18: Q252747
C19: Brazalete Adulto 2 Vias | D19: Q252748
C20: Brazalete Adulto De 2 Vias Bariatrica Medida ( 33 - 47 ) | D20: Q250040
C21: Brazalete Neonatal De1 Via Desechable Medida ( 7 - 13) | D21: Q252739
... C62: Pera Con Valvula Para Tensiometro | D62: Q252815
C63: Pera Con Valvula Para Infusor
C64: Sensor De Flujo Drager | D64: Q252772
C65: Sensor De Flujo G.E. Aestiva/5
C66: Sensor De Saturación Drager Adulto Nellcor | D66: Q252796
C67: Sensor De Saturación Drager Adulto Nellcor (Generico) | D67: A250134
C68: Sensor De Saturación Mindray MEC1200 Neonatal | D68: A250003
C69: Sensor De Saturación Mindray MEC1200 Adulto | D69: Q250003
C70: Sensor De Saturación Mindray IMEC10 Neonatal | D70: A250013
C71: Sensor De Saturación Mindray IMEC10 Adultos | D71: A251139
C72: Sensor De Saturación Mindray UMEC10 Neonatal Original | D72: Q252746
C73: Sensor De Saturación General Electric Procare 300 Adulto | D73: Q252822
C74: Sensor De Saturación Cardiocap GE Adultos | D74: Q252732
C75: Sensor De Saturación GE Adultos Datex Ohmeda B650 | D75: Q252835
C76: Sensor De Temperatura Transesofágico Monitor De Signos G.E | D76: Q252758
C77: Socket Laringoscopio Ref: 60813 | D77: A092046
... C84: Brazalete neonatales Hillroom - WELCHALLYN | D84: NUEVO

Sheet Hoja2
C2: DESCRIPCION | D2: DESCRIPCION | E2: Solicictado 4 años | F2: Gasto 4 años entregado | H2: promedio mes / entregado
C3: Sensor SPO2 mec 1200 neonatal | D3: Sensor SPO2 mec 1200 neonatal | E3: =SUMIF(Compras!D:D,D3,Compras!E:E) -> 2 | F3: =SUMIF(Compras!D:D,Hoja2!D3,Compras!F:F) -> 2 | G3: =E3/(4*12) -> 0.041666667 | H3: =F3/(4*12) -> 0.041666667
C4: Cable De Alimentacion Grado Hospitalario | D4: Cable De Alimentacion Grado Hospitalario | E4: =SUMIF(Compras!D:D,D4,Compras!E:E) -> 36 | F4: =SUMIF(Compras!D:D,Hoja2!D4,Compras!F:F) -> 23 | G4: =E4/(4*12) -> 0.75 | H4: =F4/(4*12) -> 0.47916667
C5: Bombillo Laringoscopío Ref: 6000 welch allyn | D5: Bombillo Laringoscopío Ref: 6000 | E5: =SUMIF(Compras!D:D,D5,Compras!E:E) -> 20 | F5: =SUMIF(Compras!D:D,Hoja2!D5,Compras!F:F) -> 8 | G5: =E5/(4*12) -> 0.41666667 | H5: =F5/(4*12) -> 0.16666667
C6: Sensor De Saturación Mindray UMEC10 Neonatal Original Monitor de signos vitales | D6: Sensor De Saturación Mindray UMEC10 Neonatal Original | E6: =SUMIF(Compras!D:D,D6,Compras!E:E) -> 40 | F6: =SUMIF(Compras!D:D,Hoja2!D6,Compras!F:F) -> 28 | G6: =E6/(4*12) -> 0.83333333 | H6: =F6/(4*12) -> 0.58333333
C7: Sensor De Saturación Mindray IMEC10 Adultos Monitor de signos vitales | D7: Sensor De Saturación Mindray IMEC10 Adultos | E7: =SUMIF(Compras!D:D,D7,Compras!E:E) -> 127 | F7: =SUMIF(Compras!D:D,Hoja2!D7,Compras!F:F) -> 96 | G7: =E7/(4*12) -> 2.6458333 | H7: =F7/(4*12) -> 2
C8: Toco de actividad Uterina monitor fetal general Corometrics 170 | D8: Toco de Frecuencias Uterina monitor fetal Corometrics 170 | E8: =SUMIF(Compras!D:D,D8,Compras!E:E) -> 25 | F8: =SUMIF(Compras!D:D,Hoja2!D8,Compras!F:F) -> 8 | G8: =E8/(4*12) -> 0.52083333 | H8: =F8/(4*12) -> 0.16666667
C9: Sensor De Saturación Cardiocap S5 GE Adultos Monitor de signos vitales | D9: Sensor De Saturación Cardiocap GE Adultos | E9: =SUMIF(Compras!D:D,D9,Compras!E:E) -> 11 | F9: =SUMIF(Compras!D:D,Hoja2!D9,Compras!F:F) -> 8 | G9: =E9/(4*12) -> 0.22916667 | H9: =F9/(4*12) -> 0.16666667
C10: Manguera dos vias NIBP para Monitor De Signos Vitales Cardiocap | D10: Manguera NIBP para Monitor De Signos Vitales Cardiocap | E10: =SUMIF(Compras!D:D,D10,Compras!E:E) -> 2 | F10: =SUMIF(Compras!D:D,Hoja2!D10,Compras!F:F) -> 2 | G10: =E10/(4*12) -> 0.041666667 | H10: =F10/(4*12) -> 0.041666667
C11: Brazalete Adulto 1 Via lavable reutilizable | D11: Brazalete Adulto 1 Via | E11: =SUMIF(Compras!D:D,D11,Compras!E:E) -> 43 | F11: =SUMIF(Compras!D:D,Hoja2!D11,Compras!F:F) -> 20 | G11: =E11/(4*12) -> 0.89583333 | H11: =F11/(4*12) -> 0.41666667
C12: Conector Para Brazalete plastico | D12: Conector Para Brazalete | E12: =SUMIF(Compras!D:D,D12,Compras!E:E) -> 37 | F12: =SUMIF(Compras!D:D,Hoja2!D12,Compras!F:F) -> 17 | G12: =E12/(4*12) -> 0.77083333 | H12: =F12/(4*12) -> 0.35416667
C13: Bateria Monitor Signos Vitales Mindray Mec1200 | D13: Bateria Monitor Signos Vitales Mindray Mec1200 | E13: =SUMIF(Compras!D:D,D13,Compras!E:E) -> 58 | F13: =SUMIF(Compras!D:D,Hoja2!D13,Compras!F:F) -> 25 | G13: =E13/(4*12) -> 1.2083333 | H13: =F13/(4*12) -> 0.52083333
C14: Sensor De Saturación Mindray MEC1200 Adulto Monitor de signos vitales | D14: Sensor De Saturación Mindray MEC1200 Adulto | E14: =SUMIF(Compras!D:D,D14,Compras!E:E) -> 88 | F14: =SUMIF(Compras!D:D,Hoja2!D14,Compras!F:F) -> 59 | G14: =E14/(4*12) -> 1.8333333 | H14: =F14/(4*12) -> 1.2291667
... C89: CABLE ECG 3 DERIVADAS MINDRAY PM8000 y Mec1200 Monitor de signos vitales | D89: CABLE ECG 3 DERIVADAS MINDRAY PM8000 y Mec1200 | E89: =SUMIF(Compras!D:D,D89,Compras!E:E) -> 3 | F89: =SUMIF(Compras!D:D,Hoja2!D89,Compras!F:F) -> 3 | G89: =E89/(4*12) -> 0.0625 | H89: =F89/(4*12) -> 0.0625
